{"proxies":{"com.ravindra.stripe.StripeAndroidModule":{"superPackageName":"org.appcelerator.kroll","methods":{"requestForToken":{"runOnUiThread":false,"hasInvocation":false,"args":[{"converter":"org.appcelerator.kroll.KrollConverter","defaultValueProvider":"org.appcelerator.kroll.KrollConverter","name":"args","sourceName":"args","type":"java.util.HashMap"}],"apiName":"requestForToken","converter":"org.appcelerator.kroll.KrollConverter","defaultValueProvider":"org.appcelerator.kroll.KrollConverter","name":"__default_name__","returnType":"void"},"setCard":{"runOnUiThread":false,"hasInvocation":false,"args":[{"converter":"org.appcelerator.kroll.KrollConverter","defaultValueProvider":"org.appcelerator.kroll.KrollConverter","name":"propsIn","sourceName":"propsIn","type":"java.util.HashMap"}],"apiName":"setCard","converter":"org.appcelerator.kroll.KrollConverter","defaultValueProvider":"org.appcelerator.kroll.KrollConverter","name":"__default_name__","returnType":"boolean"}},"superProxyBindingClassName":"org.appcelerator.kroll.KrollModuleBindingGen","proxyClassName":"StripeAndroidModule","proxyAttrs":{"propertyAccessors":[],"fullAPIName":"StripeAndroid","name":"StripeAndroid","proxyClassName":"com.ravindra.stripe.StripeAndroidModule","isTopLevel":false,"id":"com.ravindra.stripe"},"packageName":"com.ravindra.stripe","sourceName":"com.ravindra.stripe.StripeAndroidModuleBindingGen","isTitaniumSdk":false,"superProxyClassName":"KrollModule","isModule":true,"genClassName":"StripeAndroidModuleBindingGen","onAppCreate":"onAppCreate"}},"modules":{"com.ravindra.stripe.StripeAndroidModule":{"apiName":"StripeAndroid"}}}